<repository lastmodified='20111003082126.824'>
  <resource id='org.jolokia.roo/1.0.0' symbolicname='org.jolokia.roo' presentationname='Jolokia - Roo Addon' uri='/Users/roland/.m2/repository/org/jolokia/jolokia-roo/1.0.0/jolokia-roo-1.0.0.jar' version='1.0.0'>
    <description>Jolokia - Roo Addon</description>
    <size>13824</size>
    <documentation>http://www.jolokia.org/reference/html/tools.html#tools-roo</documentation>
    <license>http://www.apache.org/licenses/LICENSE-2.0.txt</license>
    <capability name='bundle'>
      <p n='symbolicname' v='org.jolokia.roo'/>
      <p n='presentationname' v='Jolokia - Roo Addon'/>
      <p n='version' t='version' v='1.0.0'/>
      <p n='manifestversion' v='2'/>
    </capability>
    <capability name='package'>
      <p n='package' v='org.jolokia.roo'/>
      <p n='version' t='version' v='1.0.0'/>
      <p n='uses:' v='org.springframework.roo.shell,org.springframework.roo.project,org.springframework.roo.support.util,org.springframework.roo.metadata,javax.xml.parsers,org.springframework.roo.process.manager,org.w3c.dom'/>
    </capability>
    <require name='package' filter='(&amp;(package=javax.xml.parsers))' extend='false' multiple='false' optional='false'>Import package javax.xml.parsers</require>
    <require name='package' filter='(&amp;(package=org.springframework.roo.metadata)(version&gt;=1.1.0)(!(version&gt;=2.0.0)))' extend='false' multiple='false' optional='false'>Import package org.springframework.roo.metadata;version="[1.1,2)"</require>
    <require name='package' filter='(&amp;(package=org.springframework.roo.process.manager)(version&gt;=1.1.0)(!(version&gt;=2.0.0)))' extend='false' multiple='false' optional='false'>Import package org.springframework.roo.process.manager;version="[1.1,2)"</require>
    <require name='package' filter='(&amp;(package=org.springframework.roo.project)(version&gt;=1.1.0)(!(version&gt;=2.0.0)))' extend='false' multiple='false' optional='false'>Import package org.springframework.roo.project;version="[1.1,2)"</require>
    <require name='package' filter='(&amp;(package=org.springframework.roo.shell)(version&gt;=1.1.0)(!(version&gt;=2.0.0)))' extend='false' multiple='false' optional='false'>Import package org.springframework.roo.shell;version="[1.1,2)"</require>
    <require name='package' filter='(&amp;(package=org.springframework.roo.support.util)(version&gt;=1.1.0)(!(version&gt;=2.0.0)))' extend='false' multiple='false' optional='false'>Import package org.springframework.roo.support.util;version="[1.1,2)"</require>
    <require name='package' filter='(&amp;(package=org.w3c.dom))' extend='false' multiple='false' optional='false'>Import package org.w3c.dom</require>
  </resource>
</repository>