<?xml version="1.0" encoding="UTF-8"?>
<document xmlns="http://maven.apache.org/XDOC/2.0"
  xmlns:xsi="http://www.w3.org/2001/XMLSchema-instance"
  xsi:schemaLocation="http://maven.apache.org/XDOC/2.0 http://maven.apache.org/xsd/xdoc-2.0.xsd">
  
  <properties>
    <title>Forum</title>
    <author email="roland@jolokia.org">Roland Huss</author>
  </properties>

  <body>
    <section name="Forum">
      <a id="nabblelink" href="http://jolokia.963608.n3.nabble.com/">Jolokia</a>
      <script src="http://jolokia.963608.n3.nabble.com/embed/f1377287" type="text/javascript"></script>
    </section>
  </body>
</document>