<?xml version="1.0" encoding="iso-8859-1"?>
<!DOCTYPE book PUBLIC "-//OASIS//DTD DocBook XML V4.4//EN" "http://www.oasis-open.org/docbook/xml/4.4/docbookx.dtd">
<book xmlns:xi="http://www.w3.org/2001/XInclude">
  <bookinfo>
    <title>
      <inlinegraphic align="right" fileref="jolokia_logo.png"/>
      Jolokia - Reference Documentation
    </title>
    <releaseinfo>1.0.0</releaseinfo>
    <authorgroup>
      <author>
        <firstname>Roland</firstname>
        <surname>Hu�</surname>
      </author>
    </authorgroup>
    <copyright>
      <year>2011</year>
      <holder>Roland Hu�</holder>
    </copyright>
  </bookinfo>
  <toc/>

  <xi:include href='introduction.xml'/>
  <xi:include href='architecture.xml'/>
  <xi:include href='agents.xml'/>
  <xi:include href='security.xml'/>
  <xi:include href='proxy.xml'/>
  <xi:include href='protocol.xml'/>
  <xi:include href='mbeans.xml'/>
  <xi:include href='clients.xml'/>
  <xi:include href='tools.xml'/>

  <appendix id="appendix">
    <title>Appendix</title>
    <xi:include href='sample.xml'/>
    <xi:include href='jmx4perl.xml'/>
  </appendix>
</book>